{
  "project_info": {
    "project_number": "745870334746",
    "project_id": "wejhty-app",
    "storage_bucket": "wejhty-app.appspot.com"
  },
  "client": [
    {
      "client_info": {
        "mobilesdk_app_id": "1:745870334746:android:f20676746b67b777be2aa3",
        "android_client_info": {
          "package_name": "com.wejhty.wejhty"
        }
      },
      "oauth_client": [
        {
          "client_id": "745870334746-ipao35ve8c2cu4cdm3rr8pqgarkkg2vl.apps.googleusercontent.com",
          "client_type": 1,
          "android_info": {
            "package_name": "com.wejhty.wejhty",
            "certificate_hash": "fb550f32e9845089ae12504cf72d59bf301bd0b0"
          }
        },
        {
          "client_id": "745870334746-lkgiufid9smkmhd95vq05ke8mem66a0o.apps.googleusercontent.com",
          "client_type": 1,
          "android_info": {
            "package_name": "com.wejhty.wejhty",
            "certificate_hash": "13556e86d852fa5f87846bbbb6236533543aba11"
          }
        },
        {
          "client_id": "745870334746-dm664t49o8i9cv5jgmu1e4cfftf099lh.apps.googleusercontent.com",
          "client_type": 3
        }
      ],
      "api_key": [
        {
          "current_key": "AIzaSyB2kYhK0TWxUP5XOtRpczVQkQD3MKCKMeg"
        }
      ],
      "services": {
        "appinvite_service": {
          "other_platform_oauth_client": [
            {
              "client_id": "745870334746-dm664t49o8i9cv5jgmu1e4cfftf099lh.apps.googleusercontent.com",
              "client_type": 3
            }
          ]
        }
      }
    }
  ],
  "configuration_version": "1"
}